ticket_id,customer_id,customer_name,email,created_at,resolved_at,category,subject,description,status,channel,assigned_agent
TKT-1002,CUST-102,Harsh Kapoor,harsh.kapoor16@outlook.com,01/08/2026 10:37,"Aug 04, 2026 05:51 PM",Refund,Refund status,What is the status of my refund? It says processing for a week.,Resolved,EMAIL,Vikram Rao
TKT-1001,CUST-062,vikas chauhan ,,2026-08-01 10:36:00,02-08-2026 12:58,tech issue ,Search not working,Search bar returns no results even for products I can see on the home page.,CLOSED,WhatsApp,Vikram Rao
TKT-1004,CUST-093,Karan Shah,karan.shah72@gmail.com,"Aug 01, 2026 11:34 AM",2026-08-01 13:20:00,login,Forgot password link not working,Reset password link says 'expired' even when I click it immediately.,Done,Chat,Arjun Mehta
TKT-1003,CUST-094,Parth Parikh,parth.parikh70@rediffmail.com,"Aug 01, 2026 11:03 AM",2026/08/01 19:05,Delivery,Wrong item received,"I ordered a blue kurta size M, received a black one size L.",Closed,Chat,Vikram Rao
TKT-1012,CUST-085,Shruti Iyer,shruti.iyer64@outlook.com,02-08-2026 18:39,2026-08-03 12:35:00,Technical,Website very slow,Website takes more than 30 seconds to load any page since yesterday.,resolved,Phone,Vikram Rao
TKT-1009,CUST-088,bhavna kapoor,bhavna.kapoor59@outlook.com,2026-08-02 11:55:00,2026-08-03 04:14:00,Payment,Payment failed but amount debited,I tried to pay for order #430347 using UPI. Payment failed on the app but Rs 499 got debited from my bank account. Please check urgently.,Closed,Email,Priya Nair
TKT-1011,CUST-108,Urvi Parikh,urvi.parikh74@outlook.com,2026/08/02 12:11,03/08/2026 11:26, payment,Payment failed at checkout,"Payment failed at checkout, the page just keeps loading and then shows 'transaction declined'.",Resolved,Chat,Sneha Iyer
TKT-1013,CUST-086,Harsh Bhatt,harsh.bhatt86@hotmail.com,2026-08-02 19:03:00,03/08/2026 06:35,Shipping/Delivery,Damaged package,"Package arrived damaged, the box was torn and the product has scratches.",Resolved,Chat,Arjun Mehta
TKT-1014,CUST-022,Nidhi Parikh,nidhi.parikh76@outlook.com,02-08-2026 20:53,2026-08-03 03:31:00,tech ,App crashing on launch,App is crashing every time I open it after the latest update. Phone: Redmi Note 12. Not working at all.,Resolved,Phone,Vikram Rao
TKT-1024,CUST-061,Meera Mehta,meera.mehta60@hotmail.com,"Aug 03, 2026 08:44 PM",2026-08-04 13:26:00,Technical,Cart items disappearing,"Items I add to cart disappear after I close the app. Very frustrating, happened 4 times.",resolved,Email,Sneha Iyer
TKT-1022,CUST-061,Meera Mehta,meera.mehta60@hotmail.com,2026-08-03 20:09:45,2026-08-04 03:53:00,Login,OTP not received,"I am not receiving OTP on my registered mobile number, so I cannot login.",RESOLVED,Chat,Vikram Rao
TKT-1021,CUST-051,Rahul Desai,rahul.desai1@outlook.com,2026-08-03 19:18:00,05/08/2026 06:15,Payments,Card payment not going through,"My credit card payment is not working for the last two days. Tried 3 different cards, same error code PG-502.",RESOLVED,email,Arjun Mehta
TKT-1020,CUST-064,Rohan Modi,rohan.modi27@outlook.com,2026-08-03 12:24:00,,Technical,Notifications spam,"I am getting the same notification 10-15 times a day, please fix.",Open,Email,
TKT-1015,CUST-017,Kunal Joshi,kunal.joshi5@yahoo.co.in,2026-08-03 07:48:00,04/08/2026 00:32,Log-in,Account locked,"My account got locked after wrong password attempts. Please unlock, urgent - I have an order pending.",Resolved,Email,Priya Nair
TKT-1010,CUST-109,Deep Mehta,deep.mehta82@rediffmail.com,02-08-2026 12:05,03-08-2026 05:59,Refund,Refund not received,"Returned order #412717 12 days ago, refund of Rs 1899 still not received.",Resolved,WhatsApp,Sneha Iyer
TKT-1034,CUST-054,Harsh Vyas,harsh.vyas5@yahoo.co.in,"Aug 05, 2026 12:23 PM",,Refund Request,Partial refund only,Received only Rs 3999 out of the full amount. Where is the rest of my refund?,Open,Chat,
TKT-1027,CUST-015,Deep Desai,deep.desai63@gmail.com,2026-08-04 11:26:00,,Account,Wrong name on profile,My name is showing incorrectly on the profile page and invoices.,Open,Chat,
TKT-1021,CUST-051,Rahul Desai,rahul.desai1@outlook.com,2026-08-03 19:18:00,05/08/2026 06:15,Payments,Card payment not going through,"My credit card payment is not working for the last two days. Tried 3 different cards, same error code PG-502.",RESOLVED,email,Arjun Mehta
TKT-1007,CUST-017,Kunal Joshi,kunal.joshi5@yahoo.co.in,01/08/2026 20:28,2026-08-02 14:52:00,Delivery,Delivery delayed,My order #467515 was supposed to arrive 3 days ago. No update on tracking.,RESOLVED,Phone,Neha Joshi
TKT-1009,CUST-088,bhavna kapoor,bhavna.kapoor59@outlook.com,2026-08-02 11:55:00,2026-08-03 04:14:00,Payment,Payment failed but amount debited,I tried to pay for order #430347 using UPI. Payment failed on the app but Rs 499 got debited from my bank account. Please check urgently.,Closed,Email,Priya Nair
TKT-1035,CUST-057,Urvi Shah,urvi.shah37@yahoo.co.in,05/08/2026 14:55,2026-08-07 03:06:00,REFUND,Partial refund only,Received only Rs 5600 out of the full amount. Where is the rest of my refund?,RESOLVED,whatsapp,Arjun Mehta
TKT-1006,CUST-032,deep trivedi,deep.trivedi65@outlook.com,2026-08-01 20:10:42,05/08/2026 18:12,refund,Refund status,What is the status of my refund? It says processing for a week.,Closed,Email,Vikram Rao
TKT-1037,CUST-040,sneha mehta,sneha.mehta90@rediffmail.com,2026-08-06 11:00:01,,Technical,Notifications spam,"I am getting the same notification 10-15 times a day, please fix.",Open,Email,Neha Joshi
TKT-1041,CUST-081,Amit Desai,amit.desai34@rediffmail.com,2026-08-06 19:19:25,09/08/2026 00:04,Payment,Payment failed twice,"Hi team,
Payment failed twice today. ""Transaction ID: TXN88213"", please check.
Thanks",Resolved,EMAIL,Priya Nair
TKT-1028,CUST-015,Deep Desai,deep.desai63@gmail.com,2026-08-04 13:55:00,2026-08-05 22:43:00,Refund,Refund not received,"Returned order #429410 12 days ago, refund of Rs 499 still not received.",Resolved,Email,Neha Joshi
TKT-1016,CUST-010,Shruti Chauhan,shruti.chauhan73@hotmail.com,03-08-2026 08:36,2026-08-03 17:54:00,Login,OTP not received,"I am not receiving OTP on my registered mobile number, so I cannot login.",CLOSED,EMAIL,Arjun Mehta
TKT-1001,CUST-062,Vikas Chauhan,,2026-08-01 10:36:00,02-08-2026 12:58,TECH ISSUE,Search not working,Search bar returns no results even for products I can see on the home page.,Closed,WhatsApp,Vikram Rao
TKT-1005,CUST-067,Priya Mehta,,2026-08-03 03:00:00,2026-08-01 14:35:00,Technical,Cart items disappearing,"Items I add to cart disappear after I close the app. Very frustrating, happened 4 times.",Resolved,Phone,Sneha Iyer
TKT-1022,CUST-061,Meera Mehta,meera.mehta60@hotmail.com,2026-08-03 20:09:45,2026-08-04 03:53:00,Login,OTP not received,"I am not receiving OTP on my registered mobile number, so I cannot login.",RESOLVED,Chat,Vikram Rao
TKT-1032,CUST-025,  Neha Rao ,neha.rao15@hotmail.com,04/08/2026 21:35,,Account,Update phone number,I want to change my registered mobile number.,In Progress,chat,Vikram Rao
TKT-1025,CUST-040,sneha mehta,sneha.mehta90@rediffmail.com,"Aug 04, 2026 10:10 AM","Aug 05, 2026 12:18 AM",Shipping/Delivery,Wrong item received,"I ordered a blue kurta size M, received a black one size L.",Resolved,WhatsApp,Priya Nair
TKT-1019,CUST-050,Anjali Nair,anjali.nair6@gmail.com,2026-08-03 11:09:00,,Payment,Payment failed at checkout,"Payment failed at checkout, the page just keeps loading and then shows 'transaction declined'.",Closed,Email,Sneha Iyer
TKT-1008,CUST-009,Shruti Patel,,2026-08-01 21:17:00,2026-08-02 00:25:00,Account,Loyalty points missing,"My 1,200 loyalty points disappeared after the last order.",Resolved,Phone,Sneha Iyer
TKT-1017,CUST-054,Harsh Vyas,harsh.vyas5@yahoo.co.in,"Aug 03, 2026 09:06 AM",,Technical,Images not loading,"Product images are not loading, only grey boxes. Tried on wifi and mobile data.",Open,Phone,
TKT-1043,CUST-056,Bhavna Modi,bhavna.modi89@rediffmail.com,2026-08-06 20:23:00,,LOGIN ISSUES,Account locked,"My account got locked after wrong password attempts. Please unlock, urgent - I have an order pending.",in progress,Email,Sneha Iyer
TKT-1038,CUST-005,Tanvi Solanki,tanvi.solanki26@gmail,"Aug 06, 2026 12:28 PM",2026-08-06 22:46:00,tech ,Website very slow,Website takes more than 30 seconds to load any page since yesterday.,closed,Chat,Sneha Iyer
TKT-1023,CUST-081,Amit Desai,amit.desai34@rediffmail.com,2026-08-03 20:39:00,03/08/2026 22:07,Login,Account locked,"My account got locked after wrong password attempts. Please unlock, urgent - I have an order pending.",Resolved,Phone,Neha Joshi
TKT-1031,CUST-091,Chirag Gupta,chirag.gupta95@rediffmail.com,"Aug 04, 2026 08:55 PM",2026-08-05 04:42:00,Delivry,Order not delivered,Order #407297 shows delivered but I have not received anything. Security guard also has no parcel.,Closed,Email,Arjun Mehta
TKT-1030,CUST-074,  Hetal Modi ,hetal.modi6@yahoo.co.in,2026-08-04 20:44:00,,Delivery,Change delivery address,Can I change delivery address for order #414830? It is not shipped yet.,Open ,whatsapp,
TKT-1042,CUST-086,Harsh Bhatt,harsh.bhatt86@hotmail.com,2026-08-06 19:29:54,2026-08-07 01:50:00,DELIVERY,Damaged package,"Package arrived damaged, the box was torn and the product has scratches.",Resolved,WhatsApp,Sneha Iyer
TKT-1048,CUST-087,Rohan Kapoor,ROHAN.KAPOOR28@GMAIL.COM,2026-08-07 15:35:00,2026-08-08 03:46:00,Login,OTP not received,"I am not receiving OTP on my registered mobile number, so I cannot login.",Resolved,Email,Vikram Rao
TKT-1047,CUST-124,Kunal Pandya,kunal.pandya50@outlook.com,2026-08-07 14:37:31,08-08-2026 01:42,Login,Account locked,"My account got locked after wrong password attempts. Please unlock, urgent - I have an order pending.",Done,Email,Arjun Mehta
TKT-1057,CUST-006,Urvi Nair,urvi.nair26@rediffmail.com,2026/08/08 19:33,09/08/2026 20:57,Payment,Double charge on my account,I was charged twice for order #426847. Please reverse the extra Rs 499.,Resolved,Email,Sneha Iyer
TKT-1026,CUST-055,Rahul Pandya,rahul.pandya41@rediffmail.com,04/08/2026 11:00,2026/08/04 19:03,Technical,App crashing on launch,App is crashing every time I open it after the latest update. Phone: Redmi Note 12. Not working at all.,Resolved,Chat,Sneha Iyer
TKT-1018,CUST-099,Nidhi Trivedi,nidhi.trivedi23@gmail.com,03/08/2026 10:28,2026-08-03 18:59:00,Payment,Payment failed at checkout,"Payment failed at checkout, the page just keeps loading and then shows 'transaction declined'.",Resolved,Email,Sneha Iyer
TKT-1051,CUST-059,  Kunal Mehta ,kunal.mehta26@hotmail.com,07-08-2026 22:23,2026-08-08 00:55:00,Technical,Search not working,Search bar returns no results even for products I can see on the home page.,Resolved,E-mail,Sneha Iyer
TKT-1053,CUST-100,Chirag Parikh,,08/08/2026 12:53,09-08-2026 01:03,Delivery,Change delivery address,Can I change delivery address for order #452717? It is not shipped yet.,Resolved,Phone,Priya Nair
TKT-1064,CUST-099,Nidhi Trivedi, nidhi.trivedi23@gmail.com ,2026-08-09 18:06:00,,Login,OTP not received,"I am not receiving OTP on my registered mobile number, so I cannot login.",Done,Email,Arjun Mehta
TKT-1058,CUST-072,Kunal Desai,kunal.desai6@hotmail.com,08-08-2026 20:37,2026/08/10 01:15,Refund,Refund to wrong account,"Refund was sent to my old bank account which is closed now. Please help, urgent.",Closed,Email,Priya Nair
TKT-1044,CUST-031,Karan Gupta,karan.gupta90@gmail.com,2026-08-07 10:55:00,08-08-2026 08:24,Tech,Cart items disappearing,"Items I add to cart disappear after I close the app. Very frustrating, happened 4 times.",Resolved,Chat,Priya Nair
TKT-1036,CUST-076,Bhavna Solanki,bhavna.solanki68@outlook.com,2026-08-06 08:52:00,08-08-2026 02:19,Payment,Double charge on my account,I was charged twice for order #475621. Please reverse the extra Rs 1899.,Resolved,EMAIL,Priya Nair
TKT-1068,CUST-029,tanvi kapoor , tanvi.kapoor17@hotmail.com ,10/08/2026 12:52,2026-08-10 18:44:00,acount ,Delete my account,Please delete my account and all my data.,RESOLVED,Email,Neha Joshi
TKT-1049,CUST-058,hetal parikh ,hetal.parikh76@gmail.com,07-08-2026 19:24,2026-08-08 03:24:00,login ,OTP not received,"I am not receiving OTP on my registered mobile number, so I cannot login.",CLOSED,Email,Arjun Mehta
TKT-1055,CUST-023,Aditya Gupta,aditya.gupta20@gmail.com,2026-08-08 16:43:00,"Aug 08, 2026 06:58 PM",Login,Forgot password link not working,Reset password link says 'expired' even when I click it immediately.,Done,Phone,Arjun Mehta
TKT-1029,CUST-018,Sagar Parikh,sagar.parikh2@gmail.com,04/08/2026 14:06,2026-08-04 18:16:00,Login,Google login error,Sign in with Google shows error 403.,Resolved,Email,Arjun Mehta
TKT-1046,CUST-091,chirag gupta,chirag.gupta95@rediffmail.com,07/08/2026 14:00,,Refund,Refund status,What is the status of my refund? It says processing for a week.,Resolved,Chat,Vikram Rao
TKT-1025,CUST-040,sneha mehta,sneha.mehta90@rediffmail.com,"Aug 04, 2026 10:10 AM","Aug 05, 2026 12:18 AM",Shipping/Delivery,Wrong item received,"I ordered a blue kurta size M, received a black one size L.",Resolved,WhatsApp,Priya Nair
TKT-1039,CUST-093,Karan Shah,karan.shah72@gmail.com,"Aug 06, 2026 03:16 PM",,Delivry,Delivery delayed,My order #445935 was supposed to arrive 3 days ago. No update on tracking.,in progress,Email,Neha Joshi
TKT-1078,CUST-076,Bhavna Solanki,bhavna.solanki68@outlook.com,2026-08-11 11:45:00,2026-08-11 20:46:00,account,Loyalty points missing,"My 1,200 loyalty points disappeared after the last order.",Resolved,email,Priya Nair
TKT-1065,CUST-016,Chirag Pandya,chirag.pandya86@yahoo.co.in,"Aug 09, 2026 06:41 PM",2026-08-09 21:24:00,Login,Forgot password link not working,Reset password link says 'expired' even when I click it immediately.,Resolved,Live Chat,Priya Nair
TKT-1076,CUST-129,krupa rao ,krupa.rao19@gmail.com,"Aug 10, 2026 08:14 PM","Aug 11, 2026 12:45 AM",log-in ,Forgot password link not working,Reset password link says 'expired' even when I click it immediately.,CLOSED,WhatsApp,Arjun Mehta
TKT-1033,CUST-024,Kavya Iyer,kavya.iyer2@hotmail.com,2026/08/05 11:04,12/08/2026 15:19,Refund,Partial refund only,Received only Rs 2350 out of the full amount. Where is the rest of my refund?,Resolved,Email,Neha Joshi
TKT-1063,CUST-054,Harsh Vyas,,2026-08-09 14:17:00,,Payment,EMI option missing,"EMI option was available last week but now it is not showing for order #479949. Not urgent, just want to know.",In Progress,Chat,Arjun Mehta
TKT-1052,CUST-046,Yash Solanki,yash.solanki37@gmail.com,"Aug 07, 2026 10:53 PM","Aug 08, 2026 09:28 AM",Account Settings,Loyalty points missing,"My 1,200 loyalty points disappeared after the last order.",Resolved,Live Chat,Sneha Iyer
TKT-1040,CUST-040,Sneha Mehta,sneha.mehta90@rediffmail.com,2026-08-06 19:06:00,2026-08-06 23:06:00,Refund,Refund to wrong account,"Refund was sent to my old bank account which is closed now. Please help, urgent.",In-Progress,Email,Arjun Mehta
TKT-1033,CUST-024,Kavya Iyer,kavya.iyer2@hotmail.com,2026/08/05 11:04,12/08/2026 15:19,Refund,Partial refund only,Received only Rs 2350 out of the full amount. Where is the rest of my refund?,Resolved,Email,Neha Joshi
TKT-1080,CUST-085,Shruti Iyer,shruti.iyer64@outlook.com,2026-08-11 13:05:00,2026-08-11 18:31:00,Other,Logged out repeatedly,App keeps logging me out every few minutes.,Resolved,Chat,Vikram Rao
TKT-1049,CUST-058,Hetal Parikh,hetal.parikh76@gmail.com,07-08-2026 19:24,2026-08-08 03:24:00,Login,OTP not received,"I am not receiving OTP on my registered mobile number, so I cannot login.",Closed,Email,Arjun Mehta
TKT-1083,CUST-058,Hetal Parikh,hetal.parikh76@gmail.com,2026-08-11 19:44:00,"Aug 12, 2026 03:06 PM",Login,Logged out repeatedly,App keeps logging me out every few minutes.,Resolved,Email,Arjun Mehta
TKT-1085,CUST-066,Rohan Iyer,rohan.iyer19@gmail.com,11/08/2026 21:18,2026-08-13 13:29:00,Technical,App crashing on launch,App is crashing every time I open it after the latest update. Phone: Redmi Note 12. Not working at all.,Closed,Chat,Vikram Rao
TKT-1061,CUST-049,Tejas Kapoor,tejas.kapoor66hotmail.com,08/08/2026 21:00,2026-08-10 05:51:00,Refund,Refund not received,"Returned order #422398 12 days ago, refund of Rs 5600 still not received.",Resolved,Email,
TKT-1054,CUST-079,Bhavna Vyas, bhavna.vyas32@yahoo.co.in ,2026-08-08 13:11:00,,Delivery ,Order not delivered,Order #455073 shows delivered but I have not received anything. Security guard also has no parcel.,in progress,Email,Sneha Iyer
TKT-1076,CUST-129,Krupa Rao,krupa.rao19@gmail.com,"Aug 10, 2026 08:14 PM","Aug 11, 2026 12:45 AM",Log-in,Forgot password link not working,Reset password link says 'expired' even when I click it immediately.,Closed,WhatsApp,Arjun Mehta
TKT-1087,CUST-120,Chirag Kapoor,chirag.kapoor6@rediffmail.com,2026-08-11 21:56:06,"Aug 12, 2026 06:20 AM",Delivery ,Damaged package,"Package arrived damaged, the box was torn and the product has scratches.",closed,WhatsApp,Neha Joshi
TKT-1045,CUST-096,Nirav Kapoor,nirav.kapoor28@gmail.com,07/08/2026 13:56,2026-08-09 11:51:00,payment,Double charge on my account,I was charged twice for order #454498. Please reverse the extra Rs 799.,Closed,WhatsApp,Priya Nair
TKT-1060,CUST-005,Tanvi Solanki,tanvi.solanki26@gmail.com,08-08-2026 20:55,,Tech,Website very slow,Website takes more than 30 seconds to load any page since yesterday.,in-progress,WhatsApp,Arjun Mehta
TKT-1081,CUST-074,Hetal Modi,hetal.modi6@yahoo.co.in,2026-08-11 19:05:00,2026/08/12 01:02,Delivery,Wrong item received,"I ordered a blue kurta size M, received a black one size L.",Resolved,Email,Sneha Iyer
TKT-1093,CUST-029,Tanvi Kapoor,tanvi.kapoor17@hotmail.com,12/08/2026 20:48,16-08-2026 15:51,PAYMNT,Wallet balance not updated,"Added Rs 499 to wallet, bank says success, but wallet still shows old balance.",Resolved,Email,Sneha Iyer
TKT-1068,CUST-029,Tanvi Kapoor, tanvi.kapoor17@hotmail.com ,10/08/2026 12:52,2026-08-10 18:44:00,Acount,Delete my account,Please delete my account and all my data.,resolved,Email,Neha Joshi
TKT-1095,CUST-084,Meera Bhatt,meera.bhatt70@gmail.com,2026-08-12 21:12:00,2026-08-13 12:43:00,Technical,Images not loading,"Product images are not loading, only grey boxes. Tried on wifi and mobile data.",closed,Chat,Priya Nair
TKT-1069,CUST-063,Jay Modi, jay.modi72@gmail.com ,2026-08-10 13:45:43,2026-08-13 00:32:00,Payment,EMI option missing,"EMI option was available last week but now it is not showing for order #461267. Not urgent, just want to know.",closed,EMAIL,Sneha Iyer
TKT-1088,CUST-049,Tejas Kapoor,tejas.kapoor66@hotmail.com,2026-08-12 11:38:00,2026-08-13 13:57:00,Payment,Wallet balance not updated,"Added Rs 3999 to wallet, bank says success, but wallet still shows old balance.",Closed,Email,Vikram Rao
TKT-1050,CUST-005,Tanvi Solanki,tanvi.solanki26@gmail.com,"Aug 07, 2026 07:53 PM",2026-08-08 11:26:00,LOGIN ISSUES,Google login error,Sign in with Google shows error 403.,Resolved,Chat,Neha Joshi
TKT-1072,CUST-024,kavya iyer,kavya.iyer2@hotmail.com,2026-08-10 18:31:00,2026-08-11 10:31:00,payment,Payment failed at checkout,"Payment failed at checkout, the page just keeps loading and then shows 'transaction declined'.",Open,WhatsApp,
TKT-1090,CUST-107,Sagar Trivedi,sagar.trivedi5@gmail.com,12/08/2026 13:40,12-08-2026 16:52,Log-in,Google login error,Sign in with Google shows error 403.,closed,Email,Neha Joshi
TKT-1056,CUST-016,Chirag Pandya,chirag.pandya86@yahoo.co.in,2026-08-08 18:21:43,09/08/2026 22:08,Technical,Images not loading,"Product images are not loading, only grey boxes. Tried on wifi and mobile data.",Resolved,Chat,Sneha Iyer
TKT-1097,CUST-056,Bhavna Modi,bhavna.modi89@rediffmail.com,2026-08-13 11:31:04,2026-08-14 02:27:00,Tech,App crashing on launch,App is crashing every time I open it after the latest update. Phone: Redmi Note 12. Not working at all.,Resolved,Email,Sneha Iyer
TKT-1077,CUST-120,Chirag Kapoor,chirag.kapoor6@rediffmail.com,2026-08-10 20:48:00,2026-08-11 13:35:00,payment,EMI option missing,"EMI option was available last week but now it is not showing for order #441451. Not urgent, just want to know.",CLOSED,E-mail,Vikram Rao
TKT-1079,CUST-015,DEEP DESAI,deep.desai63@gmail.com,"Aug 11, 2026 12:03 PM","Aug 16, 2026 11:33 AM",payment,Payment failed but amount debited,I tried to pay for order #459374 using UPI. Payment failed on the app but Rs 12450 got debited from my bank account. Please check urgently.,CLOSED,email,Vikram Rao
TKT-1095,CUST-084,Meera Bhatt,meera.bhatt70@gmail.com,2026-08-12 21:12:00,2026-08-13 12:43:00,Technical,Images not loading,"Product images are not loading, only grey boxes. Tried on wifi and mobile data.",closed,Chat,Priya Nair
TKT-1059,CUST-068,kunal patel,kunal.patel91@gmail,2026-08-08 20:48:55,2026-08-09 07:10:00,login ,Google login error,Sign in with Google shows error 403.,Closed,Chat,Vikram Rao
TKT-1062,CUST-005,Tanvi Solanki,tanvi.solanki26@gmail.com,2026-08-09 13:38:00,2026-08-09 18:25:00,Login,Logged out repeatedly,App keeps logging me out every few minutes.,Closed,Email,Sneha Iyer
TKT-1067,CUST-113,Aditya Nair,aditya.nair79@gmail.com,2026-08-09 23:20:00,"Aug 11, 2026 05:48 AM",Payments,EMI option missing,"EMI option was available last week but now it is not showing for order #400618. Not urgent, just want to know.",Resolved,WhatsApp,Vikram Rao
TKT-1073,CUST-060,Priya Trivedi,priya.trivedi29@rediffmail.com,2026/08/10 19:24,2026-08-11 01:38:00,Login,Account locked,"My account got locked after wrong password attempts. Please unlock, urgent - I have an order pending.",Closed,WhatsApp,Arjun Mehta
TKT-1074,CUST-100,Chirag Parikh,chirag.parikh89@rediffmail.com,10/08/2026 19:51,10/08/2026 23:47,Delivery,Damaged package,"Package arrived damaged, the box was torn and the product has scratches.",Resolved,Chat,Priya Nair
TKT-1104,CUST-052,neha kapoor,neha.kapoor66@hotmail.com,2026-08-14 11:01:00,2026-08-14 16:33:00,TECH ISSUE,Website very slow,Website takes more than 30 seconds to load any page since yesterday.,Done,Phone,Neha Joshi
TKT-1098,CUST-031,Karan Gupta,karan.gupta90@gmail.com,"Aug 13, 2026 11:52 AM",13/08/2026 16:16,Other,Forgot password link not working,Reset password link says 'expired' even when I click it immediately.,CLOSED,Chat,Priya Nair
TKT-1075,CUST-047,Kunal Thakkar,kunal.thakkar59@outlook.com,2026-08-10 20:09:00,2026-08-11 05:16:00,Account,Update phone number,I want to change my registered mobile number.,Resolved,WhatsApp,Vikram Rao
TKT-1105,CUST-107,Sagar Trivedi,sagar.trivedi5@gmail.com,2026/08/14 11:58,2026-08-14 19:08:00,Tech,Images not loading,"Product images are not loading, only grey boxes. Tried on wifi and mobile data.",resolved,Chat,Neha Joshi
TKT-1112,CUST-022,Nidhi Parikh,nidhi.parikh76@outlook.com,15/08/2026 19:25,2026-08-17 06:39:00,,Images not loading,"Product images are not loading, only grey boxes. Tried on wifi and mobile data.",Resolved,Chat,Vikram Rao
TKT-1091,CUST-126,Riya Shah,riya.shah41@rediffmail.com,2026-08-12 18:56:00,14-08-2026 06:06,Refund Request,Partial refund only,Received only Rs 1899 out of the full amount. Where is the rest of my refund?,closed,Email,Priya Nair
TKT-1066,CUST-038,Deep Joshi,deep.joshi88@gmail.com,09/08/2026 19:56,"Aug 10, 2026 04:20 AM",Account,Update phone number,I want to change my registered mobile number.,Resolved,Email,Arjun Mehta
TKT-1086,CUST-065,Neha Mehta,neha.mehta85@hotmail.com,11-08-2026 21:34,2026-08-12 15:20:00,Payment,Card payment not going through,"My credit card payment is not working for the last two days. Tried 3 different cards, same error code PG-502.",RESOLVED,Chat,Arjun Mehta
TKT-1070,CUST-089,Shruti Mehta,shruti.mehta62@yahoo.co.in,2026-08-10 14:06:00,,Payment,Payment failed but amount debited,I tried to pay for order #400098 using UPI. Payment failed on the app but Rs 12450 got debited from my bank account. Please check urgently.,In Progress,WhatsApp,Arjun Mehta
TKT-1092,CUST-129,Krupa Rao,krupa.rao19@gmail.com,"Aug 12, 2026 07:09 PM",,Payment,Payment failed at checkout,"Payment failed at checkout, the page just keeps loading and then shows 'transaction declined'.",Open,WhatsApp,
TKT-1096,CUST-006,Urvi Nair,urvi.nair26@rediffmail.com,12/08/2026 21:50,2027-08-18 11:22:00,Delivery ,Wrong item received,"I ordered a blue kurta size M, received a black one size L.",Resolved,Email,Vikram Rao
TKT-1071,CUST-006,Urvi Nair,urvi.nair26@rediffmail.com,2026-08-10 15:22:00,,Refund,Refund status,What is the status of my refund? It says processing for a week.,In Progress,email,Neha Joshi
TKT-1107,CUST-087,Rohan Kapoor,rohan.kapoor28@gmail.com,2026-08-14 14:40:51,,TECH ISSUE,Website very slow,Website takes more than 30 seconds to load any page since yesterday.,Resolved,Chat,Vikram Rao
TKT-1084,CUST-030,Parth Chauhan,parth.chauhan37@yahoo.co.in,11-08-2026 20:19,,Delivery,Change delivery address,Can I change delivery address for order #424173? It is not shipped yet.,Open,Email,
TKT-1094,CUST-031,Karan Gupta,karan.gupta90@gmail.com,2026-08-12 21:07:22,2026-08-14 13:59:00,Technical Issue,Cart items disappearing,"Items I add to cart disappear after I close the app. Very frustrating, happened 4 times.",Resolved,email,Priya Nair
TKT-1118,CUST-096,Nirav Kapoor,nirav.kapoor28@gmail.com,16/08/2026 11:00,2026-08-17 08:28:00,Refnd,Refund not received,"Returned order #474265 12 days ago, refund of Rs 1249 still not received.",Resolved,phone,Arjun Mehta
TKT-1102,CUST-072,Kunal Desai,kunal.desai6@hotmail.com,14/08/2026 08:58,"Aug 14, 2026 09:23 PM",TECH ISSUE,Cart items disappearing,"Items I add to cart disappear after I close the app. Very frustrating, happened 4 times.",RESOLVED,Phone,Neha Joshi
TKT-1109,CUST-014,Amit Sharma,AMIT.SHARMA25@GMAIL.COM,15-08-2026 12:07,15-08-2026 15:43,Log-in,Google login error,Sign in with Google shows error 403.,Resolved,Email,Priya Nair
TKT-1082,CUST-088,  Bhavna Kapoor ,bhavna.kapoor59@outlook.com,11/08/2026 19:40,2026-08-12 09:42:00,Technical,App crashing on launch,App is crashing every time I open it after the latest update. Phone: Redmi Note 12. Not working at all.,Resolved,E-mail,Priya Nair
TKT-1101,CUST-040,Sneha Mehta,sneha.mehta90@rediffmail.com,2026-08-13 20:36:00,2026-08-15 22:10:00,Technical,Search not working,Search bar returns no results even for products I can see on the home page.,Resolved,E-mail,Vikram Rao
TKT-1089,CUST-084,  Meera Bhatt ,meera.bhatt70@gmail.com,2026-08-12 12:39:00,15-08-2026 01:45,Refund,Refund status,What is the status of my refund? It says processing for a week.,Closed,Chat,Vikram Rao
TKT-1130,CUST-090,Jay Shah,jay.shah53@rediffmail.com,2026-08-17 19:23:00,"Aug 17, 2026 09:40 PM",Login,Forgot password link not working,Reset password link says 'expired' even when I click it immediately.,Resolved,Email,Neha Joshi
TKT-1120,CUST-002,Amit Trivedi,amit.trivedi49@outlook.com,2026-08-16 16:51:00,17/08/2026 19:37,Payment,Wallet balance not updated,"Added Rs 499 to wallet, bank says success, but wallet still shows old balance.",Closed,Chat,Neha Joshi
TKT-1103,CUST-077,Shruti Trivedi,shruti.trivedi16@yahoo.co.in,14-08-2026 10:50,17-08-2026 08:17,Payment,Double charge on my account,I was charged twice for order #435214. Please reverse the extra Rs 1249.,RESOLVED,Email,Vikram Rao
TKT-1100,CUST-031,Karan Gupta,karan.gupta90@gmail.com,2026-08-13 18:24:25,2026-08-21 04:05:00,Refund,Partial refund only,Received only Rs 12450 out of the full amount. Where is the rest of my refund?,CLOSED,Email,Arjun Mehta
TKT-1138,CUST-089,Shruti Mehta,shruti.mehta62@yahoo.co.in,2026-08-18 11:01:00,2026-08-19 18:51:00,Payment,Payment failed but amount debited,I tried to pay for order #445111 using UPI. Payment failed on the app but Rs 1249 got debited from my bank account. Please check urgently.,Resolved,Chat,Neha Joshi
TKT-1129,CUST-002,Amit Trivedi,amit.trivedi49@outlook.com,17/08/2026 18:32,2026-08-19 16:02:00,payment,EMI option missing,"EMI option was available last week but now it is not showing for order #492780. Not urgent, just want to know.",Resolved,Chat,Arjun Mehta
TKT-1124,CUST-022,  Nidhi Parikh ,nidhi.parikh76@outlook.com,2026-08-17 10:26:00,,Payment,Double charge on my account,I was charged twice for order #476495. Please reverse the extra Rs 799.,In Progress,Call,Priya Nair
TKT-1111,CUST-014,Amit Sharma, amit.sharma25@gmail.com ,2026-08-15 12:50:00,2026-08-15 19:38:00,account,Loyalty points missing,"My 1,200 loyalty points disappeared after the last order.",Resolved,WhatsApp,Vikram Rao
TKT-1134,CUST-034,Sneha Desai,sneha.desai92@gmail.com,17/08/2026 20:58,,Technical,Cart items disappearing,"Items I add to cart disappear after I close the app. Very frustrating, happened 4 times.",open,Email,
TKT-1099,CUST-066,Rohan Iyer,rohan.iyer19@gmail.com,2026-08-13 14:23:00,13-08-2026 20:35,Technical,Notifications spam,"I am getting the same notification 10-15 times a day, please fix.",closed,Chat,Priya Nair
TKT-1145,CUST-012,Harsh Patel,harsh.patel87@yahoo.co.in,2026-08-18 12:49:00,2026-08-22 14:13:00,PAYMNT,Payment failed at checkout,"Payment failed at checkout, the page just keeps loading and then shows 'transaction declined'.",Closed,Email,Priya Nair
TKT-1114,CUST-044,URVI MEHTA,urvi.mehta74@yahoo.co.in,2026-08-15 20:37:00,2026-08-16 12:57:00,Refund,Refund not received,"Returned order #479230 12 days ago, refund of Rs 12450 still not received.",Resolved,WhatsApp,Priya Nair
TKT-1105,CUST-107,Sagar Trivedi,sagar.trivedi5@gmail.com,2026/08/14 11:58,2026-08-14 19:08:00,Tech,Images not loading,"Product images are not loading, only grey boxes. Tried on wifi and mobile data.",resolved,Chat,Neha Joshi
TKT-1118,CUST-096,nirav kapoor ,nirav.kapoor28@gmail.com,16/08/2026 11:00,2026-08-17 08:28:00,refnd ,Refund not received,"Returned order #474265 12 days ago, refund of Rs 1249 still not received.",RESOLVED,phone,Arjun Mehta
TKT-1108,CUST-117,mihir vyas,mihir.vyas86@gmail.com,2026/08/15 10:15,,Payment,Payment failed at checkout,"Payment failed at checkout, the page just keeps loading and then shows 'transaction declined'.",Open,WhatsApp,
TKT-1113,CUST-086,Harsh Bhatt,harsh.bhatt86@hotmail.com,2026-08-15 19:34:00,2026-08-16 11:21:00,Payment,Payment failed but amount debited,I tried to pay for order #468808 using UPI. Payment failed on the app but Rs 1249 got debited from my bank account. Please check urgently.,Resolved,Email,Sneha Iyer
TKT-1110,CUST-010,shruti chauhan,shruti.chauhan73@hotmail.com,15/08/2026 12:24,,PAYMNT,Double charge on my account,I was charged twice for order #414600. Please reverse the extra Rs 5600.,Open ,email,
TKT-1149,CUST-001,Dhruvi Patel,dhruvi.patel25@gmail.com,2026-08-18 14:38:00,2026-08-18 21:41:00,Technical,Website very slow,Website takes more than 30 seconds to load any page since yesterday.,Done,Email,Sneha Iyer
TKT-1139,CUST-016,Chirag Pandya,chirag.pandya86@yahoo.co.in,2026-08-18 11:35:45,20/08/2026 03:32,Refund,Partial refund only,Received only Rs 12450 out of the full amount. Where is the rest of my refund?,Resolved,Chat,Vikram Rao
TKT-1119,CUST-115,tejas nair,tejas.nair22@hotmail.com,2026-08-16 12:03:48,17/08/2026 08:34,Technical,Notifications spam,"I am getting the same notification 10-15 times a day, please fix.",Resolved,WhatsApp,Arjun Mehta
TKT-1127,CUST-130,Nirav Patel,nirav.patel93@hotmail.com,17/08/2026 12:46,17-08-2026 23:10,Delivery,Damaged package,"Package arrived damaged, the box was torn and the product has scratches.",Closed,WhatsApp,Priya Nair
TKT-1115,CUST-076,Bhavna Solanki,bhavna.solanki68@outlook.com,2026-08-15 21:33:19,,Login,Google login error,Sign in with Google shows error 403.,In Progress,WhatsApp,Sneha Iyer
TKT-1140,CUST-029,  Tanvi Kapoor ,,2026-08-18 11:43:00,2026/08/19 21:35,Payment,Double charge on my account,I was charged twice for order #404957. Please reverse the extra Rs 499.,RESOLVED,Chat,Arjun Mehta
TKT-1126,CUST-020,jay trivedi,jay.trivedi50@yahoo.co.in,2026-08-17 12:43:14,"Aug 18, 2026 12:43 AM",Payment,Double charge on my account,I was charged twice for order #427181. Please reverse the extra Rs 499.,Open,Email,Arjun Mehta
TKT-1125,CUST-022,  Nidhi Parikh ,nidhi.parikh76@outlook.com,2026/08/17 11:04,"Aug 19, 2026 01:57 PM",,Wallet balance not updated,"Added Rs 1249 to wallet, bank says success, but wallet still shows old balance.",closed,WhatsApp,Vikram Rao
TKT-1146,CUST-057,Urvi Shah,urvi.shah37@yahoo.co.in,2026-08-18 13:08:00,22/08/2026 03:32, payment,Card payment not going through,"My credit card payment is not working for the last two days. Tried 3 different cards, same error code PG-502.",Resolved,WhatsApp,Sneha Iyer
TKT-1137,CUST-007,Parth Bhatt,parth.bhatt69@hotmail.com,2026-08-18 08:26:00,2026-08-18 23:02:00,Login,Google login error,Sign in with Google shows error 403.,Resolved,Email,Arjun Mehta
TKT-1106,CUST-052,Neha Kapoor,neha.kapoor66@hotmail.com,2026-08-14 12:17:00,2026-08-15 17:27:00,Refund,Refund not received,"Returned order #404889 12 days ago, refund of Rs 499 still not received.",Closed,Phone,Neha Joshi
TKT-1155,CUST-018,Sagar Parikh,,2026-08-18 20:23:00,2026-08-20 06:25:00, payment,Payment failed at checkout,"Payment failed at checkout, the page just keeps loading and then shows 'transaction declined'.",Resolved,WhatsApp,Neha Joshi
TKT-1112,CUST-022,Nidhi Parikh,nidhi.parikh76@outlook.com,15/08/2026 19:25,2026-08-17 06:39:00,,Images not loading,"Product images are not loading, only grey boxes. Tried on wifi and mobile data.",Resolved,Chat,Vikram Rao
TKT-1116,CUST-063,Jay Modi,,2026-08-15 22:15:21,2026-08-17 04:06:00,Refund,Refund not received,"Returned order #424254 12 days ago, refund of Rs 1249 still not received.",CLOSED,Phone,Priya Nair
TKT-1143,CUST-071,Neha Desai, neha.desai45@outlook.com ,2026/08/18 12:16,2026-08-20 00:06:00,Payments,EMI option missing,"EMI option was available last week but now it is not showing for order #414345. Not urgent, just want to know.",CLOSED,Phone,Arjun Mehta
TKT-1142,CUST-090,  Jay Shah ,jay.shah53@rediffmail.com,18/08/2026 12:04,2026-08-20 02:54:00,Payment,Double charge on my account,I was charged twice for order #498104. Please reverse the extra Rs 799.,Done,Chat,
TKT-1123,CUST-087,Rohan Kapoor,rohan.kapoor28@gmail.com,2026-08-17 10:20:00,2026/08/17 12:35,Login,Account locked,"My account got locked after wrong password attempts. Please unlock, urgent - I have an order pending.",Resolved,Chat,Sneha Iyer
TKT-1136,CUST-106,Isha Bhatt,isha.bhatt60@rediffmail.com,2026-08-17 21:23:00,2026-08-18 03:56:00,LOGIN ISSUES,Google login error,Sign in with Google shows error 403.,Closed,Chat,Arjun Mehta
TKT-1160,CUST-065,Neha Mehta,neha.mehta85@hotmail.com,2026-08-18 20:49:54,19/08/2026 00:39,-,OTP not received,"I am not receiving OTP on my registered mobile number, so I cannot login.",Resolved,Live Chat,Arjun Mehta
TKT-1117,CUST-106,Isha Bhatt,isha.bhatt60@rediffmail.com,2026-08-16 09:14:00,2026-08-16 15:40:00,Technical Issue,Cart items disappearing,"Items I add to cart disappear after I close the app. Very frustrating, happened 4 times.",Resolved,Chat,Vikram Rao
TKT-1151,CUST-097,Foram Modi,foram.modi53@hotmail.com,18-08-2026 18:52,,Login Issue,Logged out repeatedly,App keeps logging me out every few minutes.,OPEN,Email,
TKT-1153,CUST-129,Krupa Rao,krupa.rao19@gmail.com,18-08-2026 19:38,"Aug 21, 2026 11:59 AM",Payment,Payment failed at checkout,"Payment failed at checkout, the page just keeps loading and then shows 'transaction declined'.",Resolved,Email,Vikram Rao
TKT-1150,CUST-002,Amit Trivedi,AMIT.TRIVEDI49@OUTLOOK.COM,18-08-2026 18:25,2026-08-19 01:40:00,LOGIN ISSUES,Logged out repeatedly,App keeps logging me out every few minutes.,Resolved,Chat,Sneha Iyer
TKT-1162,CUST-059,Kunal Mehta,kunal.mehta26@hotmail.com,2026-08-19 10:19:34,2026-08-25 22:22:00,Payment,Card payment not going through,"My credit card payment is not working for the last two days. Tried 3 different cards, same error code PG-502.",Resolved,WhatsApp,Sneha Iyer
TKT-1122,CUST-109,DEEP MEHTA,deep.mehta82@rediffmail.com,17-08-2026 08:49,2026-08-17 12:28:00,Login Issue,Forgot password link not working,Reset password link says 'expired' even when I click it immediately.,Resolved,EMAIL,Sneha Iyer
TKT-1156,CUST-073,Parth Desai,parth.desai40@gmail.com,2026-08-18 20:26:00,2026-08-20 23:45:00,Delivery,Change delivery address,Can I change delivery address for order #401785? It is not shipped yet.,Resolved,email,Sneha Iyer
TKT-1144,CUST-052,Neha Kapoor,neha.kapoor66@hotmail.com,2026-08-18 12:24:00,"Aug 24, 2026 08:53 AM",Payment,Wallet balance not updated,"Added Rs 1899 to wallet, bank says success, but wallet still shows old balance.",RESOLVED,Email,Arjun Mehta
TKT-1121,CUST-028,Riya Desai,riya.desai58@hotmail.com,17-08-2026 08:24,2026-08-18 05:39:00,Payment,Wallet balance not updated,"Added Rs 799 to wallet, bank says success, but wallet still shows old balance.",Closed,Phone,Neha Joshi
TKT-1139,CUST-016,Chirag Pandya,chirag.pandya86@yahoo.co.in,2026-08-18 11:35:45,20/08/2026 03:32,Refund,Partial refund only,Received only Rs 12450 out of the full amount. Where is the rest of my refund?,Resolved,Chat,Vikram Rao
TKT-1128,CUST-094,Parth Parikh,Parth.parikh70@rediffmail.com,17/08/2026 12:51,18-08-2026 14:12,Refund,Refund status,What is the status of my refund? It says processing for a week.,Resolved,Email,Sneha Iyer
TKT-1175,CUST-004,Yash Pandya,yash.pandya90@gmail.com,2026-08-20 11:23:00,2026-08-19 17:23:00,Delivery ,Wrong item received,"I ordered a blue kurta size M, received a black one size L.",Resolved,WhatsApp,Vikram Rao
TKT-1135,CUST-076,Bhavna Solanki,bhavna.solanki68@outlook.com,2026-08-17 21:22:00,,Payments,Payment failed but amount debited,I tried to pay for order #448297 using UPI. Payment failed on the app but Rs 12450 got debited from my bank account. Please check urgently.,Open,Email,Neha Joshi
TKT-1131,CUST-083,isha solanki,isha.solanki6@yahoo.co.in,17/08/2026 19:41,2026-08-18 13:19:00,refund,Refund status,What is the status of my refund? It says processing for a week.,Closed,Email,Sneha Iyer
TKT-1132,CUST-081,Amit Desai,amit.desai34@rediffmail.com,"Aug 17, 2026 08:41 PM",2026-08-17 22:43:00,login,Account locked,"App not working after update.
Steps: open app -> tap Orders -> blank screen, ""Error 500""",resolved,Phone,Neha Joshi
TKT-1133,CUST-095,karan solanki,karan.solanki42@outlook.com,17/08/2026 20:50,2026-08-18 10:58:00,Acount,Loyalty points missing,"My 1,200 loyalty points disappeared after the last order.",CLOSED,phone,Vikram Rao
TKT-1152,CUST-062,Vikas Chauhan,vikas.chauhan23@yahoo.co.in,"Aug 18, 2026 07:20 PM",,Payment,Wallet balance not updated,"Added Rs 1899 to wallet, bank says success, but wallet still shows old balance.",Open,WA,
TKT-1172,CUST-010,Shruti Chauhan,shruti.chauhan73@hotmail.com,19/08/2026 13:59,,-,Forgot password link not working,Reset password link says 'expired' even when I click it immediately.,In Progress,WhatsApp,Sneha Iyer
TKT-1147,CUST-066,Rohan Iyer,rohan.iyer19@gmail.com,2026-08-18 13:14:00,2026-08-20 15:55:00,payment,EMI option missing,"EMI option was available last week but now it is not showing for order #450434. Not urgent, just want to know.",Closed,Email,Arjun Mehta
TKT-1164,CUST-008,mihir joshi,Mihir.joshi5@hotmail.com,2026-08-19 11:23:58,20-08-2026 12:38,N/A,EMI option missing,"EMI option was available last week but now it is not showing for order #483634. Not urgent, just want to know.",closed,Chat,Priya Nair
TKT-1178,CUST-049,Tejas Kapoor,tejas.kapoor66@hotmail.com,2026-08-19 20:31:00,2026-08-22 02:04:00,Paymnet,EMI option missing,"EMI option was available last week but now it is not showing for order #478233. Not urgent, just want to know.",Resolved,EMAIL,Priya Nair
TKT-1141,CUST-078,Dhruvi Chauhan,dhruvi.chauhan63@gmail.com,2026-08-18 11:46:06,,Payment,EMI option missing,"EMI option was available last week but now it is not showing for order #412888. Not urgent, just want to know.",In Progress,WhatsApp,Vikram Rao
TKT-1188,CUST-067,Priya Mehta,Priya.mehta7@yahoo.co.in,2026-08-20 19:28:00,2026-08-23 16:14:00,Payment,Payment failed but amount debited,I tried to pay for order #446579 using UPI. Payment failed on the app but Rs 5600 got debited from my bank account. Please check urgently.,Resolved,Chat,
TKT-1148,CUST-046,Yash Solanki,yash.solanki37@gmail.com,18/08/2026 14:30,2026-08-21 14:07:00,PAYMNT,Double charge on my account,I was charged twice for order #467434. Please reverse the extra Rs 12450.,Resolved,Email,Arjun Mehta
TKT-1195,CUST-128,nirav vyas,nirav.vyas74@outlook.com,21/08/2026 18:29,2026-08-22 01:27:00,Refund,Refund not received,"Returned order #429567 12 days ago, refund of Rs 2350 still not received.",Closed,Phone,Priya Nair
TKT-1168,CUST-082,Aditya Kapoor,aditya.kapoor91@yahoo.co.in,19-08-2026 12:28,, payment,Card payment not going through,"My credit card payment is not working for the last two days. Tried 3 different cards, same error code PG-502.",Open,Chat,
TKT-1186,CUST-001,Dhruvi Patel,dhruvi.patel25@gmail.com,"Aug 20, 2026 04:07 PM",2026-08-21 01:20:00,Account,Update phone number,I want to change my registered mobile number.,Resolved,Email,Vikram Rao
TKT-1184,CUST-021,Kavya Desai,kavya.desai45@yahoo.co.in,2026-08-20 10:49:34,2026/08/20 20:14,Account,Loyalty points missing,"My 1,200 loyalty points disappeared after the last order.",Done,WhatsApp,Sneha Iyer
TKT-1154,CUST-019,Rohan Bhatt,rohan.bhatt98@hotmail.com,18/08/2026 19:54,20-08-2026 22:00,Payment ,Double charge on my account,I was charged twice for order #416932. Please reverse the extra Rs 2350.,Resolved,WhatsApp,Neha Joshi
TKT-1169,CUST-027,Tejas Gupta,tejas.gupta82@gmail.com,2026-08-19 13:50:00,,payment,Wallet balance not updated,"Added Rs 1899 to wallet, bank says success, but wallet still shows old balance.",In Progress,Email,Priya Nair
TKT-1183,CUST-080,Hetal Shah,hetal.shah13@hotmail.com,20/08/2026 10:37,2026-08-21 09:16:00,Refund Request,Refund status,What is the status of my refund? It says processing for a week.,Resolved,WhatsApp,Arjun Mehta
TKT-1161,CUST-101,FORAM PANDYA,foram.pandya56@hotmail.com,2026-08-18 21:51:00,2026-08-20 11:47:00,Payment,Payment failed but amount debited,I tried to pay for order #400127 using UPI. Payment failed on the app but Rs 12450 got debited from my bank account. Please check urgently.,Resolved,E-mail,Sneha Iyer
TKT-1191,CUST-128,Nirav Vyas,nirav.vyas74@outlook.com,21-08-2026 10:21,2026-08-21 16:04:00,Shipping/Delivery,Order not delivered,Order #434067 shows delivered but I have not received anything. Security guard also has no parcel.,resolved,Whatsapp,Vikram Rao
TKT-1198,CUST-117,Mihir Vyas,mihir.vyas86@gmail.com,2026-08-21 20:21:13,2026-08-23 17:18:00,Payment,Wallet balance not updated,"Added Rs 3999 to wallet, bank says success, but wallet still shows old balance.",Closed,Email,Neha Joshi
TKT-1158,CUST-104,Urvi Chauhan,URVI.CHAUHAN39@YAHOO.CO.IN,"Aug 18, 2026 08:39 PM",2026-08-19 06:21:00,technical,Search not working,Search bar returns no results even for products I can see on the home page.,Resolved,Email,Arjun Mehta
TKT-1202,CUST-043,Tanvi Vyas,tanvi.vyas50@rediffmail.com,2026-08-21 21:51:00,2026-08-22 10:25:00,Other,Refund not received,"Returned order #428852 12 days ago, refund of Rs 1899 still not received.",CLOSED,email,Neha Joshi
TKT-1165,CUST-027,Tejas Gupta,tejas.gupta82@gmail.com,19-08-2026 11:29,,Payment,Payment failed but amount debited,I tried to pay for order #486113 using UPI. Payment failed on the app but Rs 2350 got debited from my bank account. Please check urgently.,In Progress,Phone,Priya Nair
TKT-1185,CUST-018,Sagar Parikh,SAGAR.PARIKH2@GMAIL.COM,"Aug 20, 2026 12:24 PM",2026-08-20 14:43:00,Delivery,Damaged package,"Package arrived damaged, the box was torn and the product has scratches.",Resolved,Chat,Arjun Mehta
TKT-1174,CUST-012,Harsh Patel,harsh.patel87@yahoo.co.in,19/08/2026 16:44,2026-08-22 02:39:00,payment,EMI option missing,"EMI option was available last week but now it is not showing for order #455987. Not urgent, just want to know.",Resolved,WA,Priya Nair
TKT-1163,CUST-070,Kunal Nair,kunal.nair53@yahoo.co.in,19-08-2026 10:57,19/08/2026 15:38,Login,OTP not received,"I am not receiving OTP on my registered mobile number, so I cannot login.",CLOSED,WhatsApp,Neha Joshi
TKT-1196,CUST-061,Meera Mehta,meera.mehta60@hotmail.com,2026-08-21 19:25:34,2026-08-23 16:22:00,refund,Partial refund only,Received only Rs 12450 out of the full amount. Where is the rest of my refund?,Resolved,chat,Neha Joshi
TKT-1168,CUST-082,Aditya Kapoor,aditya.kapoor91@yahoo.co.in,19-08-2026 12:28,, payment,Card payment not going through,"My credit card payment is not working for the last two days. Tried 3 different cards, same error code PG-502.",Open,Chat,
TKT-1157,CUST-088,Bhavna Kapoor,bhavna.kapoor59@outlook.com,"Aug 18, 2026 08:27 PM",19-08-2026 00:06,Account,Wrong name on profile,My name is showing incorrectly on the profile page and invoices.,Resolved,Chat,Neha Joshi
TKT-1180,CUST-010,Shruti Chauhan,shruti.chauhan73@hotmail.com,2026-08-19 20:51:00,"Aug 20, 2026 06:55 AM",login,Account locked,"My account got locked after wrong password attempts. Please unlock, urgent - I have an order pending.",Resolved,Email,Arjun Mehta
TKT-1200,CUST-103,Parth Thakkar,parth.thakkar62@rediffmail.com,2026-08-21 20:46:00,22/08/2026 19:39,N/A,Images not loading,"Product images are not loading, only grey boxes. Tried on wifi and mobile data.",closed,Phone,Arjun Mehta
TKT-1159,CUST-097,Foram Modi,foram.modi53@hotmail.com,"Aug 18, 2026 08:40 PM",2026-08-20 15:56:00,Payment,EMI option missing,"EMI option was available last week but now it is not showing for order #473227. Not urgent, just want to know.",Done,Phone,Vikram Rao
TKT-1171,CUST-012,Harsh Patel,harsh.patel87@yahoo.co.in,19/08/2026 13:51,,login,Logged out repeatedly,App keeps logging me out every few minutes.,OPEN,Email,
TKT-1209,CUST-003,Manish Vyas,manish.vyas42@gmail.com,"Aug 22, 2026 07:55 PM",2026-08-23 07:11:00,Login,Account locked,"My account got locked after wrong password attempts. Please unlock, urgent - I have an order pending.",CLOSED,chat,Vikram Rao
TKT-1179,CUST-075,mihir bhatt ,mihir.bhatt26@hotmail.com,19/08/2026 20:50,2026-08-20 10:28:00,tech  ,Search not working,Search bar returns no results even for products I can see on the home page.,RESOLVED,Chat,Sneha Iyer
TKT-1170,CUST-128,Nirav Vyas,nirav.vyas74@outlook.com,2026-08-19 13:51:17,20/08/2026 01:42,Acount,Delete my account,Please delete my account and all my data.,resolved,email,Priya Nair
TKT-1166,CUST-059,kunal mehta,kunal.mehta26@hotmail.com,19/08/2026 11:44,2026-08-20 22:23:00,Payment,Payment failed at checkout,"Payment failed at checkout, the page just keeps loading and then shows 'transaction declined'.",Resolved,Email,Neha Joshi
TKT-1167,CUST-092,  Manish Sharma ,manish.sharma5@hotmail.com,19/08/2026 12:21,2026-08-20 22:08:00,Payment,Card payment not going through,"My credit card payment is not working for the last two days. Tried 3 different cards, same error code PG-502.",Closed,WhatsApp,Priya Nair
TKT-1190,CUST-004,Yash Pandya,yash.pandya90@gmail.com,2026-08-20 21:17:00,,Payment,Double charge on my account,I was charged twice for order #482666. Please reverse the extra Rs 1899.,Open,email,Vikram Rao
TKT-1176,CUST-020,jay trivedi,JAY.TRIVEDI50@YAHOO.CO.IN,2026-08-19 18:09:00,"Aug 20, 2026 03:27 PM",technical,Cart items disappearing,"Items I add to cart disappear after I close the app. Very frustrating, happened 4 times.",Resolved,WhatsApp,Arjun Mehta
TKT-1182,CUST-003,Manish Vyas,manish.vyas42@gmail.com,2026-08-20 10:30:00,21-08-2026 23:34,Delivery ,Change delivery address,Can I change delivery address for order #496781? It is not shipped yet.,Closed,email,Vikram Rao
TKT-1203,CUST-002,amit trivedi,amit.trivedi49@outlook.com,22/08/2026 11:57,,Payments,EMI option missing,"EMI option was available last week but now it is not showing for order #404686. Not urgent, just want to know.",Open,WhatsApp,
TKT-1179,CUST-075,Mihir Bhatt,mihir.bhatt26@hotmail.com,19/08/2026 20:50,2026-08-20 10:28:00,tech ,Search not working,Search bar returns no results even for products I can see on the home page.,Resolved,Chat,Sneha Iyer
TKT-1189,CUST-038,Deep Joshi,deep.joshi88@gmail.com,2026-08-20 21:01:00,2026-08-21 14:04:00,Delivery,Damaged package,"Package arrived damaged, the box was torn and the product has scratches.",Closed,Chat,Vikram Rao
TKT-1177,CUST-012,Harsh Patel,harsh.patel87@yahoo.co.in,2026-08-19 19:59:00,"Aug 20, 2026 01:29 PM",Technical,Search not working,Search bar returns no results even for products I can see on the home page.,Resolved,Email,Priya Nair
TKT-1173,CUST-007,Parth Bhatt,parth.bhatt69@gmail,2026/08/19 14:14,2026-08-19 20:54:00,Delivery,Damaged package,"Package arrived damaged, the box was torn and the product has scratches.",Closed,WA,Neha Joshi
TKT-1212,CUST-033,Chirag Vyas,chirag.vyas14@hotmail.com,2026-08-22 21:47:47,,Delivery,Wrong item received,"I ordered a blue kurta size M, received a black one size L.",Open,WA,
TKT-1199,CUST-029,Tanvi Kapoor,tanvi.kapoor17@hotmail.com,2026-08-21 20:36:00,2026-08-22 03:06:00,LOGIN ISSUES,Google login error,Sign in with Google shows error 403.,Closed,WhatsApp,Priya Nair
TKT-1211,CUST-024,Kavya Iyer,kavya.iyer2@hotmail.com,2026-08-22 21:20:00,23/08/2026 12:44,Refund,Refund not received,"Returned order #419536 12 days ago, refund of Rs 5600 still not received.",Resolved,Email,Neha Joshi
TKT-1217,CUST-002,Amit Trivedi,amit.trivedi49@outlook.com,2026-08-23 19:31:20,2026-08-24 05:03:00,Refund,Refund status,What is the status of my refund? It says processing for a week.,RESOLVED,Chat,Priya Nair
TKT-1194,CUST-081,Amit Desai,amit.desai34@rediffmail.com,2026-08-21 18:25:00,,Payment,Double charge on my account,I was charged twice for order #481100. Please reverse the extra Rs 1249.,In Progress,WhatsApp,Sneha Iyer
TKT-1181,CUST-095,Karan Solanki,karan.solanki42@outlook.com,2026-08-19 21:11:00,2026-08-20 07:04:00,Technical,App crashing on launch,App is crashing every time I open it after the latest update. Phone: Redmi Note 12. Not working at all.,Resolved,Call,Sneha Iyer
TKT-1187,CUST-071,Neha Desai,,20/08/2026 17:44,20/08/2026 19:21,Login,Forgot password link not working,Reset password link says 'expired' even when I click it immediately.,Resolved,Phone,Priya Nair
TKT-1206,CUST-001,Dhruvi Patel,dhruvi.patel25@gmail.com,22/08/2026 14:39,2026-08-23 10:12:00,,Images not loading,"Product images are not loading, only grey boxes. Tried on wifi and mobile data.",Resolved,WhatsApp,Arjun Mehta
TKT-1213,CUST-033,Chirag Vyas,chirag.vyas14@hotmail.com,2026/08/23 12:06,,login ,Logged out repeatedly,App keeps logging me out every few minutes.,In Progress,Phone,Priya Nair
TKT-1192,CUST-071,Neha Desai,,2026-08-21 12:50:00,22-08-2026 22:29,Payment,Payment failed at checkout,"Payment failed at checkout, the page just keeps loading and then shows 'transaction declined'.",Resolved,Chat,Arjun Mehta
TKT-1220,CUST-019,Rohan Bhatt,rohan.bhatt98@hotmail.com,2026/08/24 10:58,2026-08-25 12:13:00,Payment,Wallet balance not updated,"Added Rs 12450 to wallet, bank says success, but wallet still shows old balance.",Closed,Email,Priya Nair
TKT-1204,CUST-127,Anjali Iyer,anjali.iyer11@gmail.com,"Aug 22, 2026 12:24 PM",,Account,Loyalty points missing,"My 1,200 loyalty points disappeared after the last order.",Closed,Chat,Neha Joshi
TKT-1218,CUST-077,Shruti Trivedi,shruti.trivedi16@yahoo.co.in,2026-08-24 07:11:00,2026-08-24 14:31:00,Other,Account locked,"My account got locked after wrong password attempts. Please unlock, urgent - I have an order pending.",Resolved,Email,
TKT-1201,CUST-063,Jay Modi,jay.modi72@gmail.com,2026-08-21 21:35:49,,Delivery,Delivery delayed,My order #452099 was supposed to arrive 3 days ago. No update on tracking.,in progress,Chat,Arjun Mehta
TKT-1215,CUST-053,Kavya Bhatt, kavya.bhatt21@outlook.com ,2026-08-23 19:23:00,2026/08/24 18:14,Payment,Wallet balance not updated,"Added Rs 1249 to wallet, bank says success, but wallet still shows old balance.",Resolved,Email,Vikram Rao
TKT-1230,CUST-042,Krupa Parikh,krupa.parikh24@rediffmail.com,2026-08-24 20:59:08,26-08-2026 11:30,Payment ,Payment failed at checkout,"Payment failed at checkout, the page just keeps loading and then shows 'transaction declined'.",Resolved,Chat,Arjun Mehta
TKT-1193,CUST-080,hetal shah,Hetal.shah13@hotmail.com,21/08/2026 13:43,2026-08-22 01:48:00,refund,Refund status,What is the status of my refund? It says processing for a week.,resolved,Email,Arjun Mehta
TKT-1234,CUST-010,shruti chauhan,shruti.chauhan73@hotmail.com,2026-08-25 18:14:00,2026-08-27 11:29:00,Delivery,Wrong item received,"I ordered a blue kurta size M, received a black one size L.",Closed,Email,Priya Nair
TKT-1211,CUST-024,Kavya Iyer,kavya.iyer2@hotmail.com,2026-08-22 21:20:00,23/08/2026 12:44,Refund,Refund not received,"Returned order #419536 12 days ago, refund of Rs 5600 still not received.",Resolved,Email,Neha Joshi
TKT-1197,CUST-089,Shruti Mehta,,2026-08-21 19:50:58,2026-08-22 11:21:00,Payment,Payment failed but amount debited,I tried to pay for order #403871 using UPI. Payment failed on the app but Rs 799 got debited from my bank account. Please check urgently.,Resolved,Phone,Sneha Iyer
TKT-1236,CUST-066,Rohan Iyer,rohan.iyer19@gmail.com,2026-08-25 20:52:00,27-08-2026 11:52,Refund,Refund not received,"Returned order #484792 12 days ago, refund of Rs 1899 still not received.",Resolved,email,Neha Joshi
TKT-1242,CUST-042,Krupa Parikh,krupa.parikh24@rediffmail.com,2026-08-26 12:58:00,2026-08-27 18:53:00,delivery,Wrong item received,"I ordered a blue kurta size M, received a black one size L.",Resolved,Email,Priya Nair
TKT-1205,CUST-037,Aditya Pandya,aditya.pandya40@hotmail.com,"Aug 22, 2026 12:54 PM",,Payment,Payment failed but amount debited,I tried to pay for order #416907 using UPI. Payment failed on the app but Rs 3999 got debited from my bank account. Please check urgently.,In Progress,Email,Neha Joshi
TKT-1224,CUST-056,bhavna modi,bhavna.modi89@rediffmail.com,2026-08-24 16:39:00,2026-08-24 11:41:21,,OTP not received,"I am not receiving OTP on my registered mobile number, so I cannot login.",Resolved,phone,Neha Joshi
TKT-1231,CUST-129,Krupa Rao,krupa.rao19@gmail.com,25/08/2026 10:34,,Refund,Refund status,What is the status of my refund? It says processing for a week.,WIP,Email,Neha Joshi
TKT-1207,CUST-048,  Jay Iyer ,jay.iyer68@hotmail.com,2026/08/22 19:25,,Account,Delete my account,Please delete my account and all my data.,in-progress,Phone,Arjun Mehta
TKT-1239,CUST-091,  Chirag Gupta ,chirag.gupta95@rediffmail.com,2026-08-26 11:48:47,2026-08-27 00:46:00,Tech,Search not working,Search bar returns no results even for products I can see on the home page.,Resolved,Chat,Vikram Rao
TKT-1244,CUST-025,Neha Rao,neha.rao15@hotmail.com,26/08/2026 13:28,26/08/2026 21:36,DELIVERY,Order not delivered,Order #444428 shows delivered but I have not received anything. Security guard also has no parcel.,Closed,Email,Vikram Rao
TKT-1208,CUST-124,Kunal Pandya,kunal.pandya50@outlook.com,22-08-2026 19:46,,Payment,Payment failed but amount debited,I tried to pay for order #466253 using UPI. Payment failed on the app but Rs 2350 got debited from my bank account. Please check urgently.,in-progress,Email,Neha Joshi
TKT-1219,CUST-001,Dhruvi Patel,dhruvi.patel25@gmail.com,24-08-2026 10:46,2026-08-24 17:36:00,DELIVERY,Change delivery address,Can I change delivery address for order #460237? It is not shipped yet.,Closed,Email,Arjun Mehta
TKT-1243,CUST-113,Aditya Nair,aditya.nair79@gmail.com,2026-08-26 12:58:00,2026-08-26 22:08:00,Login Issue,Logged out repeatedly,App keeps logging me out every few minutes.,RESOLVED,Chat,Arjun Mehta
TKT-1214,CUST-004,Yash Pandya,Yash.pandya90@gmail.com,2026-08-23 18:26:00,"Aug 24, 2026 10:34 PM",Refund Request,Refund to wrong account,"Refund was sent to my old bank account which is closed now. Please help, urgent.",Resolved,email,Neha Joshi
TKT-1216,CUST-074,Hetal Modi,hetal.modi6@@yahoo.co.in,2026-08-23 19:31:00,2026-08-24 06:54:00,Login,OTP not received,"I am not receiving OTP on my registered mobile number, so I cannot login.",Resolved,Email,Priya Nair
TKT-1221,CUST-052,Neha Kapoor,neha.kapoor66@hotmail.com,2026-08-24 11:21:00,2026-08-27 16:01:00,Payment,Wallet balance not updated,"Added Rs 2350 to wallet, bank says success, but wallet still shows old balance.",Resolved,Email,Sneha Iyer
TKT-1210,CUST-070,Kunal Nair,kunal.nair53@yahoo.co.in,2026-08-22 20:24:00,2026-08-26 06:53:00,Payment,Double charge on my account,I was charged twice for order #482657. Please reverse the extra Rs 3999.,Closed,Email,Priya Nair
TKT-1241,CUST-095,Karan Solanki,karan.solanki42@outlook.com,26/08/2026 12:20,2026-08-28 16:10:00,Technical,App crashing on launch,App is crashing every time I open it after the latest update. Phone: Redmi Note 12. Not working at all.,Resolved,Chat,Priya Nair
TKT-1223,CUST-058,Hetal Parikh,hetal.parikh76@gmail.com,2026-08-24 11:32:00,"Aug 26, 2026 12:12 AM",Payment,Payment failed at checkout,"Payment failed at checkout, the page just keeps loading and then shows 'transaction declined'.",Resolved,Email,Neha Joshi
TKT-1246,CUST-076,Bhavna Solanki,bhavna.solanki68@outlook.com,2026-08-26 18:48:00,"Aug 27, 2026 09:25 PM",Technical,Images not loading,"Product images are not loading, only grey boxes. Tried on wifi and mobile data.",Resolved,WhatsApp,Neha Joshi
TKT-1227,CUST-100,Chirag Parikh,chirag.parikh89@rediffmail.com,24/08/2026 12:40,2026-08-25 02:56:00,Payment,Payment failed but amount debited,I tried to pay for order #480272 using UPI. Payment failed on the app but Rs 1899 got debited from my bank account. Please check urgently.,Resolved,Phone,Arjun Mehta
TKT-1252,CUST-126,Riya Shah,riya.shah41@rediffmail.com,27/08/2026 12:43,2026/08/28 00:44,N/A,Refund status,What is the status of my refund? It says processing for a week.,Resolved,Call,
TKT-1225,CUST-100,Chirag Parikh,Chirag.parikh89@rediffmail.com,2026-08-24 11:44:00,,tech ,Website very slow,Website takes more than 30 seconds to load any page since yesterday.,In Progress,Live Chat,Neha Joshi
TKT-1217,CUST-002,Amit Trivedi,amit.trivedi49@outlook.com,2026-08-23 19:31:20,2026-08-24 05:03:00,Refund,Refund status,What is the status of my refund? It says processing for a week.,RESOLVED,Chat,Priya Nair
TKT-1222,CUST-003,Manish Vyas,manish.vyas42@gmail.com,"Aug 24, 2026 11:24 AM",,Technical,Website very slow,Website takes more than 30 seconds to load any page since yesterday.,In Progress,Email,Arjun Mehta
TKT-1240,CUST-007,Parth Bhatt,,2026-08-26 12:01:00,2026-08-27 22:01:00,Technical Issue,Website very slow,Website takes more than 30 seconds to load any page since yesterday.,Closed,whatsapp,Arjun Mehta
TKT-1259,CUST-021,Kavya Desai,kavya.desai45@yahoo.co.in,2026-08-28 12:17:00,2026-08-28 16:28:00,Login,Google login error,Sign in with Google shows error 403.,closed,Email,Neha Joshi
TKT-1248,CUST-037,Aditya Pandya,aditya.pandya40@hotmail.com,2026-08-26 19:13:00,2026-08-26 22:14:00,Login,OTP not received,"I am not receiving OTP on my registered mobile number, so I cannot login.",RESOLVED,Phone,Neha Joshi
TKT-1261,CUST-079,bhavna vyas,bhavna.vyas32@yahoo.co.in,28/08/2026 19:39,2026-08-30 10:18:00,Payments,EMI option missing,"EMI option was available last week but now it is not showing for order #456017. Not urgent, just want to know.",CLOSED,WhatsApp,Vikram Rao
TKT-1266,CUST-058,Hetal Parikh,hetal.parikh76@gmail.com,2026-08-29 10:22:21,2026/08/30 09:03,Technical,App crashing on launch,App is crashing every time I open it after the latest update. Phone: Redmi Note 12. Not working at all.,Resolved,Email,Neha Joshi
TKT-1226,CUST-017,Kunal Joshi,kunal.joshi5@yahoo.co.in,2026-08-24 11:54:00,26/08/2026 00:38,Delivery,Order not delivered,Order #458212 shows delivered but I have not received anything. Security guard also has no parcel.,Resolved,WA,Vikram Rao
TKT-1233,CUST-004,Yash Pandya,yash.pandya90@gmail.com,2026-08-25 11:54:00,26-08-2026 11:32,Payments,Payment failed but amount debited,I tried to pay for order #430243 using UPI. Payment failed on the app but Rs 799 got debited from my bank account. Please check urgently.,Resolved,Whatsapp,Arjun Mehta
TKT-1257,CUST-015,Deep Desai,,2026-08-27 21:17:00,2026-08-30 18:07:00,Refund,Refund status,What is the status of my refund? It says processing for a week.,Done,Email,Priya Nair
TKT-1235,CUST-022,nidhi parikh, nidhi.parikh76@outlook.com ,2026-08-25 18:28:00,01/09/2026 08:54,Delivery ,Damaged package,"Package arrived damaged, the box was torn and the product has scratches.",Resolved,Email,Vikram Rao
TKT-1269,CUST-122,Sagar Pandya,sagar.pandya17@gmail.com,2026-08-29 20:25:00,2026/08/30 04:19,Technical Issue,Notifications spam,"I am getting the same notification 10-15 times a day, please fix.",resolved,Phone,Arjun Mehta
TKT-1237,CUST-008,Mihir Joshi,mihir.joshi5@hotmail.com,25/08/2026 21:31,,Technical,Notifications spam,"I am getting the same notification 10-15 times a day, please fix.",In-Progress,E-mail,Arjun Mehta
TKT-1250,CUST-044,Urvi Mehta,urvi.mehta74@yahoo.co.in,"Aug 27, 2026 08:31 AM",2026-08-27 14:28:00,Login,Logged out repeatedly,App keeps logging me out every few minutes.,Closed,Chat,Arjun Mehta
TKT-1255,CUST-056,Bhavna Modi,bhavna.modi89@rediffmail.com,2026-08-27 19:06:34,,Login,Google login error,Sign in with Google shows error 403.,Resolved,Chat,Neha Joshi
TKT-1228,CUST-013,Nidhi Vyas,nidhi.vyas51@rediffmail.com,2026-08-24 18:24:09,,Delivery,Wrong item received,"I ordered a blue kurta size M, received a black one size L.",Closed,WhatsApp,Sneha Iyer
TKT-1247,CUST-112,Priya Nair,priya.nair83@gmail.com,2026-08-26 18:59:00,,Refund,Partial refund only,Received only Rs 5600 out of the full amount. Where is the rest of my refund?,in-progress,Chat,Neha Joshi
TKT-1262,CUST-073,Parth Desai,parth.desai40@gmail.com,2026-08-28 20:03:00,2026-08-31 15:43:00,Technical,Cart items disappearing,"Items I add to cart disappear after I close the app. Very frustrating, happened 4 times.",closed,Email,Priya Nair
TKT-1229,CUST-047,Kunal Thakkar,kunal.thakkar59@outlook.com,"Aug 24, 2026 06:40 PM",2026-08-25 03:56:00,Log-in,OTP not received,"I am not receiving OTP on my registered mobile number, so I cannot login.",Closed,Whatsapp,Neha Joshi
TKT-1232,CUST-019,  Rohan Bhatt ,rohan.bhatt98@hotmail.com,2026-08-25 10:38:00,"Aug 26, 2026 10:07 AM",Refund,Refund to wrong account,"Refund was sent to my old bank account which is closed now. Please help, urgent.",Resolved,E-mail,Sneha Iyer
TKT-1245,CUST-058,  Hetal Parikh ,hetal.parikh76@gmail.com,"Aug 26, 2026 06:26 PM",2026/08/27 16:20,Technical,App crashing on launch,App is crashing every time I open it after the latest update. Phone: Redmi Note 12. Not working at all.,resolved,email,Neha Joshi
TKT-1258,CUST-111,Anjali Shah,anjali.shah32@hotmail.com,2026-08-28 11:55:00,,login,Google login error,Sign in with Google shows error 403.,WIP,WhatsApp,Arjun Mehta
TKT-1254,CUST-035,Rohan Chauhan,rohan.chauhan69@yahoo.co.in,2026-08-27 13:27:00,"Aug 28, 2026 05:58 AM",Log-in,Google login error,Sign in with Google shows error 403.,Resolved,Email,Vikram Rao
TKT-1238,CUST-109,Deep Mehta,Deep.mehta82@rediffmail.com,2026-08-26 08:07:00,2026-08-27 17:57:00,Refund,Refund not received,"Returned order #467196 12 days ago, refund of Rs 5600 still not received.",Resolved,WhatsApp,Vikram Rao
TKT-1284,CUST-061,Meera Mehta,meera.mehta60@hotmail.com,2026-08-31 21:19:00,,account,Update phone number,I want to change my registered mobile number.,In Progress,Chat,Neha Joshi
TKT-1272,CUST-018,sagar parikh,,2026-08-30 13:36:00,31-08-2026 00:57,Delivery,Damaged package,"Package arrived damaged, the box was torn and the product has scratches.",closed,Phone,Arjun Mehta
TKT-1277,CUST-129,Krupa Rao,KRUPA.RAO19@GMAIL.COM,"Aug 31, 2026 09:54 AM",2026/09/01 02:19,Login Issue,Logged out repeatedly,App keeps logging me out every few minutes.,resolved,Email,Arjun Mehta
TKT-1253,CUST-101,Foram Pandya,foram.pandya56@hotmail.com,2026-08-27 13:04:00,2026-08-27 23:52:00,Technical,Search not working,Search bar returns no results even for products I can see on the home page.,Resolved,Chat,Arjun Mehta
TKT-1268,CUST-033,Chirag Vyas,CHIRAG.VYAS14@HOTMAIL.COM,2026-08-29 13:28:20,2026-08-30 12:37:00,Technical,Cart items disappearing,"Items I add to cart disappear after I close the app. Very frustrating, happened 4 times.",Resolved,Email,Sneha Iyer
TKT-1278,CUST-094,Parth Parikh,parth.parikh70@rediffmail.com,2026-08-31 11:10:35,,Login,Account locked,"My account got locked after wrong password attempts. Please unlock, urgent - I have an order pending.",Open,Chat,
TKT-1273,CUST-096,Nirav Kapoor,nirav.kapoor28@gmail.com,2026-08-30 15:24:24,2026/08/31 10:02,technical,Search not working,Search bar returns no results even for products I can see on the home page.,Closed,Email,Sneha Iyer
TKT-1264,CUST-046,Yash Solanki,yash.solanki37@gmail.com,2026-08-29 07:24:00,2026-08-29 20:44:00,Refund,Partial refund only,Received only Rs 499 out of the full amount. Where is the rest of my refund?,Closed,WhatsApp,Priya Nair
TKT-1270,CUST-018,Sagar Parikh,sagar.parikh2@gmail.com,30-08-2026 11:02,2026-08-30 15:08:00,Other,Update phone number,I want to change my registered mobile number.,Resolved,phone,Neha Joshi
TKT-1283,CUST-074,Hetal Modi,hetal.modi6@yahoo.co.in,2026-08-31 20:24:00,,Acount,Update phone number,I want to change my registered mobile number.,open,Email,
TKT-1249,CUST-052,Neha Kapoor,neha.kapoor66@hotmail.com,2026-08-26 20:01:00,2026-08-28 05:20:00,REFUND,Partial refund only,Received only Rs 499 out of the full amount. Where is the rest of my refund?,resolved,WhatsApp,Priya Nair
TKT-1251,CUST-035,Rohan Chauhan,rohan.chauhan69@yahoo.co.in,"Aug 27, 2026 12:38 PM",2026-08-28 07:28:00,refund,Refund not received,"Returned order #403942 12 days ago, refund of Rs 499 still not received.",Done,Email,Vikram Rao
TKT-1279,CUST-010,Shruti Chauhan,shruti.chauhan73@hotmail.com,"Aug 31, 2026 11:59 AM",2026-09-01 08:54:00,Payments,Wallet balance not updated,"Added Rs 12450 to wallet, bank says success, but wallet still shows old balance.",Resolved,Email,Neha Joshi
TKT-1251,CUST-035,Rohan Chauhan,rohan.chauhan69@yahoo.co.in,"Aug 27, 2026 12:38 PM",2026-08-28 07:28:00,refund,Refund not received,"Returned order #403942 12 days ago, refund of Rs 499 still not received.",Done,Email,Vikram Rao
TKT-1275,CUST-096,Nirav Kapoor,nirav.kapoor28@gmail.com,2026-08-30 22:22:00,2026/08/31 19:41,Refund,Partial refund only,Received only Rs 2350 out of the full amount. Where is the rest of my refund?,Closed,Phone,Neha Joshi
TKT-1256,CUST-035,Rohan Chauhan,rohan.chauhan69@yahoo.co.in,2026-08-27 20:19:00,2026-08-29 13:31:00,Delivry,Damaged package,"Package arrived damaged, the box was torn and the product has scratches.",resolved,Chat,Neha Joshi
TKT-1285,CUST-040,SNEHA MEHTA,sneha.mehta90@rediffmail.com,2026-08-31 21:22:24,,Payment,Card payment not going through,"My credit card payment is not working for the last two days. Tried 3 different cards, same error code PG-502.",open,Chat,
TKT-1263,CUST-072,kunal desai,,2026-08-28 21:42:00,31/08/2026 01:48,Other,Refund status,What is the status of my refund? It says processing for a week.,Resolved,Email,Sneha Iyer
TKT-1260,CUST-091,Chirag Gupta,chirag.gupta95@rediffmail.com,"Aug 28, 2026 07:05 PM",,Technical,Notifications spam,"I am getting the same notification 10-15 times a day, please fix.",Open,Chat,
TKT-1274,CUST-129,Krupa Rao, krupa.rao19@gmail.com ,2026-08-30 17:51:56,,Technical,Notifications spam,"I am getting the same notification 10-15 times a day, please fix.",In Progress,Chat,Vikram Rao
TKT-1267,CUST-015,Deep Desai,deep.desai63@gmail.com,"Aug 29, 2026 11:06 AM",30/08/2026 12:41,DELIVERY,Delivery delayed,My order #432450 was supposed to arrive 3 days ago. No update on tracking.,Resolved,Phone,Neha Joshi
TKT-1276,CUST-127,Anjali Iyer,anjali.iyer11@gmail.com,2026-08-31 07:07:00,2026-09-01 04:09:00,Refnd,Refund status,What is the status of my refund? It says processing for a week.,Resolved,chat,Vikram Rao
TKT-1271,CUST-013,Nidhi Vyas,nidhi.vyas51@rediffmail.com,30/08/2026 12:54,2026-08-31 02:39:00,Refund,Partial refund only,Received only Rs 12450 out of the full amount. Where is the rest of my refund?,Resolved,WhatsApp,Sneha Iyer
TKT-1265,CUST-038,Deep Joshi,deep.joshi88@gmail.com,2026/08/29 08:26,,DELIVERY,Wrong item received,"I ordered a blue kurta size M, received a black one size L.",Open ,email,
TKT-1281,CUST-048,Jay Iyer,jay.iyer68@hotmail.com,2026-08-31 19:47:44,,Tech,App crashing on launch,App is crashing every time I open it after the latest update. Phone: Redmi Note 12. Not working at all.,Open,Chat,
TKT-1282,CUST-040,Sneha Mehta,sneha.mehta90@rediffmail.com,31/08/2026 20:20,2026-09-01 08:54:00,Refnd,Refund not received,"Returned order #448687 12 days ago, refund of Rs 1899 still not received.",Resolved,chat,Sneha Iyer
TKT-1280,CUST-118,Krupa Nair,KRUPA.NAIR74@REDIFFMAIL.COM,2026/09/01 04:06,2026/08/31 19:06,Delivery,Order not delivered,Order #497318 shows delivered but I have not received anything. Security guard also has no parcel.,Resolved,Email,Arjun Mehta
TKT-1284,CUST-061,Meera Mehta,meera.mehta60@hotmail.com,2026-08-31 21:19:00,,account,Update phone number,I want to change my registered mobile number.,In Progress,Chat,Neha Joshi
